"entrez_symbol","driver_mechanism","label","refresh_date","source"
"ABCB1","GoF","ABCB1 GoF","04 April 2023","Intogen"
"ABL1","GoF","ABL1 GoF","04 April 2023","Intogen"
"ABL2","GoF","ABL2 GoF","04 April 2023","Intogen"
"ACKR3","GoF","ACKR3 GoF","04 April 2023","Intogen"
"ACSL3","GoF","ACSL3 GoF","04 April 2023","Intogen"
"ACVR2A","LoF","ACVR2A LoF","04 April 2023","Intogen"
"AFF1","GoF","AFF1 GoF","04 April 2023","Intogen"
"AJUBA","LoF","AJUBA LoF","04 April 2023","Intogen"
"AKT1","GoF","AKT1 GoF","04 April 2023","Intogen"
"ALB","GoF","ALB GoF","04 April 2023","Intogen"
"ALK","GoF","ALK GoF","04 April 2023","Intogen"
"AMER1","LoF","AMER1 LoF","04 April 2023","Intogen"
"APC","LoF","APC LoF","04 April 2023","Intogen"
"AR","GoF","AR GoF","04 April 2023","Intogen"
"ARAF","GoF","ARAF GoF","04 April 2023","Intogen"
"ARHGAP35","LoF","ARHGAP35 LoF","04 April 2023","Intogen"
"ARHGAP5","LoF","ARHGAP5 LoF","04 April 2023","Intogen"
"ARHGEF10L","LoF","ARHGEF10L LoF","04 April 2023","Intogen"
"ARHGEF12","GoF","ARHGEF12 GoF","04 April 2023","Intogen"
"ARID1A","LoF","ARID1A LoF","04 April 2023","Intogen"
"ARID1B","LoF","ARID1B LoF","04 April 2023","Intogen"
"ARID2","LoF","ARID2 LoF","04 April 2023","Intogen"
"ASXL1","LoF","ASXL1 LoF","04 April 2023","Intogen"
"ASXL2","LoF","ASXL2 LoF","04 April 2023","Intogen"
"ATF7IP","LoF","ATF7IP LoF","04 April 2023","Intogen"
"ATG7","LoF","ATG7 LoF","04 April 2023","Intogen"
"ATM","LoF","ATM LoF","04 April 2023","Intogen"
"ATR","LoF","ATR LoF","04 April 2023","Intogen"
"ATRX","LoF","ATRX LoF","04 April 2023","Intogen"
"AXIN1","LoF","AXIN1 LoF","04 April 2023","Intogen"
"AXIN2","LoF","AXIN2 LoF","04 April 2023","Intogen"
"B2M","LoF","B2M LoF","04 April 2023","Intogen"
"BAP1","LoF","BAP1 LoF","04 April 2023","Intogen"
"BCL11A","GoF","BCL11A GoF","04 April 2023","Intogen"
"BCL11B","GoF","BCL11B GoF","04 April 2023","Intogen"
"BCL2","GoF","BCL2 GoF","04 April 2023","Intogen"
"BCL6","GoF","BCL6 GoF","04 April 2023","Intogen"
"BCL7A","GoF","BCL7A GoF","04 April 2023","Intogen"
"BCL9","GoF","BCL9 GoF","04 April 2023","Intogen"
"BCL9L","GoF","BCL9L GoF","04 April 2023","Intogen"
"BCLAF1","GoF","BCLAF1 GoF","04 April 2023","Intogen"
"BCOR","LoF","BCOR LoF","04 April 2023","Intogen"
"BCORL1","LoF","BCORL1 LoF","04 April 2023","Intogen"
"BCR","GoF","BCR GoF","04 April 2023","Intogen"
"BIRC3","GoF","BIRC3 GoF","04 April 2023","Intogen"
"BMPR1A","LoF","BMPR1A LoF","04 April 2023","Intogen"
"BMPR2","LoF","BMPR2 LoF","04 April 2023","Intogen"
"BRAF","GoF","BRAF GoF","04 April 2023","Intogen"
"BRCA1","LoF","BRCA1 LoF","04 April 2023","Intogen"
"BRCA2","LoF","BRCA2 LoF","04 April 2023","Intogen"
"BRD4","GoF","BRD4 GoF","04 April 2023","Intogen"
"BRD7","LoF","BRD7 LoF","04 April 2023","Intogen"
"BTK","GoF","BTK GoF","04 April 2023","Intogen"
"CAMTA1","LoF","CAMTA1 LoF","04 April 2023","Intogen"
"CARD11","GoF","CARD11 GoF","04 April 2023","Intogen"
"CASP8","LoF","CASP8 LoF","04 April 2023","Intogen"
"CASZ1","LoF","CASZ1 LoF","04 April 2023","Intogen"
"CBFA2T3","GoF","CBFA2T3 GoF","04 April 2023","Intogen"
"CBFB","GoF","CBFB GoF","04 April 2023","Intogen"
"CBL","GoF","CBL GoF","04 April 2023","Intogen"
"CCDC6","LoF","CCDC6 LoF","04 April 2023","Intogen"
"CCND1","GoF","CCND1 GoF","04 April 2023","Intogen"
"CCND2","GoF","CCND2 GoF","04 April 2023","Intogen"
"CCND3","GoF","CCND3 GoF","04 April 2023","Intogen"
"CCR7","LoF","CCR7 LoF","04 April 2023","Intogen"
"CD58","LoF","CD58 LoF","04 April 2023","Intogen"
"CD79B","GoF","CD79B GoF","04 April 2023","Intogen"
"CDC73","LoF","CDC73 LoF","04 April 2023","Intogen"
"CDH1","LoF","CDH1 LoF","04 April 2023","Intogen"
"CDH10","GoF","CDH10 GoF","04 April 2023","Intogen"
"CDK12","LoF","CDK12 LoF","04 April 2023","Intogen"
"CDK4","GoF","CDK4 GoF","04 April 2023","Intogen"
"CDKN1A","LoF","CDKN1A LoF","04 April 2023","Intogen"
"CDKN1B","LoF","CDKN1B LoF","04 April 2023","Intogen"
"CDKN2A","LoF","CDKN2A LoF","04 April 2023","Intogen"
"CDKN2C","LoF","CDKN2C LoF","04 April 2023","Intogen"
"CDX2","GoF","CDX2 GoF","04 April 2023","Intogen"
"CHD2","LoF","CHD2 LoF","04 April 2023","Intogen"
"CHD4","GoF","CHD4 GoF","04 April 2023","Intogen"
"CHEK2","LoF","CHEK2 LoF","04 April 2023","Intogen"
"CIC","LoF","CIC LoF","04 April 2023","Intogen"
"CIITA","GoF","CIITA GoF","04 April 2023","Intogen"
"CLIP1","LoF","CLIP1 LoF","04 April 2023","Intogen"
"CLTC","GoF","CLTC GoF","04 April 2023","Intogen"
"CLTCL1","GoF","CLTCL1 GoF","04 April 2023","Intogen"
"CMTR2","LoF","CMTR2 LoF","04 April 2023","Intogen"
"CNOT3","GoF","CNOT3 GoF","04 April 2023","Intogen"
"COL1A1","GoF","COL1A1 GoF","04 April 2023","Intogen"
"CPEB3","GoF","CPEB3 GoF","04 April 2023","Intogen"
"CREBBP","LoF","CREBBP LoF","04 April 2023","Intogen"
"CRNKL1","GoF","CRNKL1 GoF","04 April 2023","Intogen"
"CSF3R","GoF","CSF3R GoF","04 April 2023","Intogen"
"CTCF","LoF","CTCF LoF","04 April 2023","Intogen"
"CTNNB1","GoF","CTNNB1 GoF","04 April 2023","Intogen"
"CUL3","LoF","CUL3 LoF","04 April 2023","Intogen"
"CXCR4","GoF","CXCR4 GoF","04 April 2023","Intogen"
"CYLD","LoF","CYLD LoF","04 April 2023","Intogen"
"CYP2C8","LoF","CYP2C8 LoF","04 April 2023","Intogen"
"CYSLTR2","GoF","CYSLTR2 GoF","04 April 2023","Intogen"
"DAXX","LoF","DAXX LoF","04 April 2023","Intogen"
"DAZAP1","LoF","DAZAP1 LoF","04 April 2023","Intogen"
"DCAF12L2","GoF","DCAF12L2 GoF","04 April 2023","Intogen"
"DCC","LoF","DCC LoF","04 April 2023","Intogen"
"DCSTAMP","GoF","DCSTAMP GoF","04 April 2023","Intogen"
"DDB2","LoF","DDB2 LoF","04 April 2023","Intogen"
"DDX3X","LoF","DDX3X LoF","04 April 2023","Intogen"
"DGCR8","LoF","DGCR8 LoF","04 April 2023","Intogen"
"DHX9","GoF","DHX9 GoF","04 April 2023","Intogen"
"DICER1","LoF","DICER1 LoF","04 April 2023","Intogen"
"DIS3","LoF","DIS3 LoF","04 April 2023","Intogen"
"DNAJB1","LoF","DNAJB1 LoF","04 April 2023","Intogen"
"DNMT3A","LoF","DNMT3A LoF","04 April 2023","Intogen"
"DOT1L","LoF","DOT1L LoF","04 April 2023","Intogen"
"DROSHA","LoF","DROSHA LoF","04 April 2023","Intogen"
"DUSP16","LoF","DUSP16 LoF","04 April 2023","Intogen"
"EGFR","GoF","EGFR GoF","04 April 2023","Intogen"
"EIF1AX","LoF","EIF1AX LoF","04 April 2023","Intogen"
"EIF3E","GoF","EIF3E GoF","04 April 2023","Intogen"
"ELF3","LoF","ELF3 LoF","04 April 2023","Intogen"
"ELF4","GoF","ELF4 GoF","04 April 2023","Intogen"
"EP300","LoF","EP300 LoF","04 April 2023","Intogen"
"EPAS1","GoF","EPAS1 GoF","04 April 2023","Intogen"
"EPHA2","LoF","EPHA2 LoF","04 April 2023","Intogen"
"EPS15","GoF","EPS15 GoF","04 April 2023","Intogen"
"ERBB2","GoF","ERBB2 GoF","04 April 2023","Intogen"
"ERBB3","GoF","ERBB3 GoF","04 April 2023","Intogen"
"ERBB4","LoF","ERBB4 LoF","04 April 2023","Intogen"
"ERCC2","LoF","ERCC2 LoF","04 April 2023","Intogen"
"ERCC3","LoF","ERCC3 LoF","04 April 2023","Intogen"
"ERG","GoF","ERG GoF","04 April 2023","Intogen"
"ESR1","GoF","ESR1 GoF","04 April 2023","Intogen"
"ESRRA","GoF","ESRRA GoF","04 April 2023","Intogen"
"ETV4","LoF","ETV4 LoF","04 April 2023","Intogen"
"ETV5","GoF","ETV5 GoF","04 April 2023","Intogen"
"ETV6","GoF","ETV6 GoF","04 April 2023","Intogen"
"EWSR1","GoF","EWSR1 GoF","04 April 2023","Intogen"
"EXT2","LoF","EXT2 LoF","04 April 2023","Intogen"
"EZH2","LoF","EZH2 LoF","04 April 2023","Intogen"
"FAM135B","GoF","FAM135B GoF","04 April 2023","Intogen"
"FAM46C","LoF","FAM46C LoF","04 April 2023","Intogen"
"FANCA","LoF","FANCA LoF","04 April 2023","Intogen"
"FANCC","LoF","FANCC LoF","04 April 2023","Intogen"
"FANCD2","LoF","FANCD2 LoF","04 April 2023","Intogen"
"FANCF","LoF","FANCF LoF","04 April 2023","Intogen"
"FAS","LoF","FAS LoF","04 April 2023","Intogen"
"FAT1","LoF","FAT1 LoF","04 April 2023","Intogen"
"FAT2","GoF","FAT2 GoF","04 April 2023","Intogen"
"FAT4","LoF","FAT4 LoF","04 April 2023","Intogen"
"FBLN1","GoF","FBLN1 GoF","04 April 2023","Intogen"
"FBXO11","LoF","FBXO11 LoF","04 April 2023","Intogen"
"FBXW7","LoF","FBXW7 LoF","04 April 2023","Intogen"
"FGD5","GoF","FGD5 GoF","04 April 2023","Intogen"
"FGFR1","GoF","FGFR1 GoF","04 April 2023","Intogen"
"FGFR2","GoF","FGFR2 GoF","04 April 2023","Intogen"
"FGFR3","GoF","FGFR3 GoF","04 April 2023","Intogen"
"FGFR4","GoF","FGFR4 GoF","04 April 2023","Intogen"
"FH","LoF","FH LoF","04 April 2023","Intogen"
"FLCN","LoF","FLCN LoF","04 April 2023","Intogen"
"FLT3","GoF","FLT3 GoF","04 April 2023","Intogen"
"FN1","LoF","FN1 LoF","04 April 2023","Intogen"
"FOXA1","LoF","FOXA1 LoF","04 April 2023","Intogen"
"FOXA2","LoF","FOXA2 LoF","04 April 2023","Intogen"
"FOXD4L1","LoF","FOXD4L1 LoF","04 April 2023","Intogen"
"FOXL2","GoF","FOXL2 GoF","04 April 2023","Intogen"
"FOXO1","GoF","FOXO1 GoF","04 April 2023","Intogen"
"FOXP1","GoF","FOXP1 GoF","04 April 2023","Intogen"
"FUBP1","LoF","FUBP1 LoF","04 April 2023","Intogen"
"GATA1","GoF","GATA1 GoF","04 April 2023","Intogen"
"GATA2","GoF","GATA2 GoF","04 April 2023","Intogen"
"GATA3","LoF","GATA3 LoF","04 April 2023","Intogen"
"GLI1","GoF","GLI1 GoF","04 April 2023","Intogen"
"GMPS","LoF","GMPS LoF","04 April 2023","Intogen"
"GNA11","GoF","GNA11 GoF","04 April 2023","Intogen"
"GNA13","LoF","GNA13 LoF","04 April 2023","Intogen"
"GNAQ","GoF","GNAQ GoF","04 April 2023","Intogen"
"GNAS","GoF","GNAS GoF","04 April 2023","Intogen"
"GRIN2A","GoF","GRIN2A GoF","04 April 2023","Intogen"
"GTF2I","GoF","GTF2I GoF","04 April 2023","Intogen"
"H3F3A","GoF","H3F3A GoF","04 April 2023","Intogen"
"HGF","GoF","HGF GoF","04 April 2023","Intogen"
"HIP1","GoF","HIP1 GoF","04 April 2023","Intogen"
"HIST1H3B","GoF","HIST1H3B GoF","04 April 2023","Intogen"
"HIST1H4I","GoF","HIST1H4I GoF","04 April 2023","Intogen"
"HNF1A","LoF","HNF1A LoF","04 April 2023","Intogen"
"HNRNPA2B1","GoF","HNRNPA2B1 GoF","04 April 2023","Intogen"
"HOXC13","GoF","HOXC13 GoF","04 April 2023","Intogen"
"HOXD13","LoF","HOXD13 LoF","04 April 2023","Intogen"
"HRAS","GoF","HRAS GoF","04 April 2023","Intogen"
"HSP90AA1","GoF","HSP90AA1 GoF","04 April 2023","Intogen"
"HSP90AB1","GoF","HSP90AB1 GoF","04 April 2023","Intogen"
"HTRA2","LoF","HTRA2 LoF","04 April 2023","Intogen"
"ID3","LoF","ID3 LoF","04 April 2023","Intogen"
"IDH1","GoF","IDH1 GoF","04 April 2023","Intogen"
"IDH2","GoF","IDH2 GoF","04 April 2023","Intogen"
"IFNAR1","LoF","IFNAR1 LoF","04 April 2023","Intogen"
"IFNGR1","LoF","IFNGR1 LoF","04 April 2023","Intogen"
"IL6ST","GoF","IL6ST GoF","04 April 2023","Intogen"
"IL7R","GoF","IL7R GoF","04 April 2023","Intogen"
"ING1","LoF","ING1 LoF","04 April 2023","Intogen"
"IRAK1","LoF","IRAK1 LoF","04 April 2023","Intogen"
"IRF1","LoF","IRF1 LoF","04 April 2023","Intogen"
"IRS4","LoF","IRS4 LoF","04 April 2023","Intogen"
"JAK3","GoF","JAK3 GoF","04 April 2023","Intogen"
"KAT6B","GoF","KAT6B GoF","04 April 2023","Intogen"
"KDM5A","GoF","KDM5A GoF","04 April 2023","Intogen"
"KDM5C","LoF","KDM5C LoF","04 April 2023","Intogen"
"KDM6A","LoF","KDM6A LoF","04 April 2023","Intogen"
"KDR","GoF","KDR GoF","04 April 2023","Intogen"
"KEAP1","GoF","KEAP1 GoF","04 April 2023","Intogen"
"KEL","GoF","KEL GoF","04 April 2023","Intogen"
"KIF5B","GoF","KIF5B GoF","04 April 2023","Intogen"
"KIFC1","GoF","KIFC1 GoF","04 April 2023","Intogen"
"KIT","GoF","KIT GoF","04 April 2023","Intogen"
"KLF4","GoF","KLF4 GoF","04 April 2023","Intogen"
"KLHL6","LoF","KLHL6 LoF","04 April 2023","Intogen"
"KMT2A","LoF","KMT2A LoF","04 April 2023","Intogen"
"KMT2B","LoF","KMT2B LoF","04 April 2023","Intogen"
"KMT2C","LoF","KMT2C LoF","04 April 2023","Intogen"
"KMT2D","LoF","KMT2D LoF","04 April 2023","Intogen"
"KRAS","GoF","KRAS GoF","04 April 2023","Intogen"
"LATS1","LoF","LATS1 LoF","04 April 2023","Intogen"
"LATS2","LoF","LATS2 LoF","04 April 2023","Intogen"
"LDB1","GoF","LDB1 GoF","04 April 2023","Intogen"
"LIFR","GoF","LIFR GoF","04 April 2023","Intogen"
"LOX","LoF","LOX LoF","04 April 2023","Intogen"
"LPAR4","LoF","LPAR4 LoF","04 April 2023","Intogen"
"LPP","GoF","LPP GoF","04 April 2023","Intogen"
"LRP1B","LoF","LRP1B LoF","04 April 2023","Intogen"
"LTB","GoF","LTB GoF","04 April 2023","Intogen"
"LY75-CD302","GoF","LY75-CD302 GoF","04 April 2023","Intogen"
"LZTR1","LoF","LZTR1 LoF","04 April 2023","Intogen"
"MAF","LoF","MAF LoF","04 April 2023","Intogen"
"MALT1","LoF","MALT1 LoF","04 April 2023","Intogen"
"MAML2","LoF","MAML2 LoF","04 April 2023","Intogen"
"MAP2K1","GoF","MAP2K1 GoF","04 April 2023","Intogen"
"MAP2K4","LoF","MAP2K4 LoF","04 April 2023","Intogen"
"MAP2K7","LoF","MAP2K7 LoF","04 April 2023","Intogen"
"MAP3K1","LoF","MAP3K1 LoF","04 April 2023","Intogen"
"MAPK1","GoF","MAPK1 GoF","04 April 2023","Intogen"
"MAX","GoF","MAX GoF","04 April 2023","Intogen"
"MB21D2","LoF","MB21D2 LoF","04 April 2023","Intogen"
"MDM2","GoF","MDM2 GoF","04 April 2023","Intogen"
"MDM4","GoF","MDM4 GoF","04 April 2023","Intogen"
"MECOM","GoF","MECOM GoF","04 April 2023","Intogen"
"MED12","GoF","MED12 GoF","04 April 2023","Intogen"
"MEF2B","LoF","MEF2B LoF","04 April 2023","Intogen"
"MEN1","LoF","MEN1 LoF","04 April 2023","Intogen"
"MET","GoF","MET GoF","04 April 2023","Intogen"
"MGA","LoF","MGA LoF","04 April 2023","Intogen"
"MLLT1","GoF","MLLT1 GoF","04 April 2023","Intogen"
"MLLT3","GoF","MLLT3 GoF","04 April 2023","Intogen"
"MTCP1","GoF","MTCP1 GoF","04 April 2023","Intogen"
"MTOR","GoF","MTOR GoF","04 April 2023","Intogen"
"MYC","GoF","MYC GoF","04 April 2023","Intogen"
"MYCN","GoF","MYCN GoF","04 April 2023","Intogen"
"MYD88","GoF","MYD88 GoF","04 April 2023","Intogen"
"MYH11","GoF","MYH11 GoF","04 April 2023","Intogen"
"MYH9","GoF","MYH9 GoF","04 April 2023","Intogen"
"NCOA2","GoF","NCOA2 GoF","04 April 2023","Intogen"
"NCOR1","LoF","NCOR1 LoF","04 April 2023","Intogen"
"NCOR2","GoF","NCOR2 GoF","04 April 2023","Intogen"
"NF1","LoF","NF1 LoF","04 April 2023","Intogen"
"NF2","LoF","NF2 LoF","04 April 2023","Intogen"
"NFE2L2","GoF","NFE2L2 GoF","04 April 2023","Intogen"
"NFKBIA","LoF","NFKBIA LoF","04 April 2023","Intogen"
"NIN","LoF","NIN LoF","04 April 2023","Intogen"
"NIPBL","LoF","NIPBL LoF","04 April 2023","Intogen"
"NKTR","GoF","NKTR GoF","04 April 2023","Intogen"
"NONO","LoF","NONO LoF","04 April 2023","Intogen"
"NPEPPS","LoF","NPEPPS LoF","04 April 2023","Intogen"
"NPRL2","LoF","NPRL2 LoF","04 April 2023","Intogen"
"NRAS","GoF","NRAS GoF","04 April 2023","Intogen"
"NRG1","GoF","NRG1 GoF","04 April 2023","Intogen"
"NRK","GoF","NRK GoF","04 April 2023","Intogen"
"NRP1","LoF","NRP1 LoF","04 April 2023","Intogen"
"NSD1","GoF","NSD1 GoF","04 April 2023","Intogen"
"NT5C3A","LoF","NT5C3A LoF","04 April 2023","Intogen"
"NTRK1","GoF","NTRK1 GoF","04 April 2023","Intogen"
"NTRK3","GoF","NTRK3 GoF","04 April 2023","Intogen"
"NUMA1","GoF","NUMA1 GoF","04 April 2023","Intogen"
"NUP214","GoF","NUP214 GoF","04 April 2023","Intogen"
"NXF1","GoF","NXF1 GoF","04 April 2023","Intogen"
"P2RY8","GoF","P2RY8 GoF","04 April 2023","Intogen"
"PAK2","GoF","PAK2 GoF","04 April 2023","Intogen"
"PBRM1","LoF","PBRM1 LoF","04 April 2023","Intogen"
"PCBP1","GoF","PCBP1 GoF","04 April 2023","Intogen"
"PCDH17","LoF","PCDH17 LoF","04 April 2023","Intogen"
"PCMTD1","LoF","PCMTD1 LoF","04 April 2023","Intogen"
"PDCD1LG2","GoF","PDCD1LG2 GoF","04 April 2023","Intogen"
"PDE4DIP","GoF","PDE4DIP GoF","04 April 2023","Intogen"
"PDGFRA","GoF","PDGFRA GoF","04 April 2023","Intogen"
"PDGFRB","GoF","PDGFRB GoF","04 April 2023","Intogen"
"PEG3","GoF","PEG3 GoF","04 April 2023","Intogen"
"PHF6","LoF","PHF6 LoF","04 April 2023","Intogen"
"PIK3CA","GoF","PIK3CA GoF","04 April 2023","Intogen"
"PIK3CB","GoF","PIK3CB GoF","04 April 2023","Intogen"
"PIK3R1","LoF","PIK3R1 LoF","04 April 2023","Intogen"
"PIM1","LoF","PIM1 LoF","04 April 2023","Intogen"
"PLAG1","GoF","PLAG1 GoF","04 April 2023","Intogen"
"PLCB4","GoF","PLCB4 GoF","04 April 2023","Intogen"
"PLCG1","GoF","PLCG1 GoF","04 April 2023","Intogen"
"PML","LoF","PML LoF","04 April 2023","Intogen"
"PMS2","LoF","PMS2 LoF","04 April 2023","Intogen"
"POLD1","GoF","POLD1 GoF","04 April 2023","Intogen"
"PPM1D","LoF","PPM1D LoF","04 April 2023","Intogen"
"PPP2R1A","GoF","PPP2R1A GoF","04 April 2023","Intogen"
"PPP3CA","LoF","PPP3CA LoF","04 April 2023","Intogen"
"PPP6C","LoF","PPP6C LoF","04 April 2023","Intogen"
"PPT2","GoF","PPT2 GoF","04 April 2023","Intogen"
"PRDM1","LoF","PRDM1 LoF","04 April 2023","Intogen"
"PREX2","GoF","PREX2 GoF","04 April 2023","Intogen"
"PRF1","LoF","PRF1 LoF","04 April 2023","Intogen"
"PRKAR1A","LoF","PRKAR1A LoF","04 April 2023","Intogen"
"PRKCB","GoF","PRKCB GoF","04 April 2023","Intogen"
"PRKCD","LoF","PRKCD LoF","04 April 2023","Intogen"
"PRR14","LoF","PRR14 LoF","04 April 2023","Intogen"
"PRRX1","GoF","PRRX1 GoF","04 April 2023","Intogen"
"PSIP1","GoF","PSIP1 GoF","04 April 2023","Intogen"
"PTCH1","LoF","PTCH1 LoF","04 April 2023","Intogen"
"PTEN","LoF","PTEN LoF","04 April 2023","Intogen"
"PTMA","LoF","PTMA LoF","04 April 2023","Intogen"
"PTPN11","GoF","PTPN11 GoF","04 April 2023","Intogen"
"PTPN13","LoF","PTPN13 LoF","04 April 2023","Intogen"
"PTPN14","LoF","PTPN14 LoF","04 April 2023","Intogen"
"PTPN6","LoF","PTPN6 LoF","04 April 2023","Intogen"
"PTPRC","GoF","PTPRC GoF","04 April 2023","Intogen"
"PTPRD","GoF","PTPRD GoF","04 April 2023","Intogen"
"PTPRK","LoF","PTPRK LoF","04 April 2023","Intogen"
"PTPRT","LoF","PTPRT LoF","04 April 2023","Intogen"
"QKI","LoF","QKI LoF","04 April 2023","Intogen"
"RABEP1","LoF","RABEP1 LoF","04 April 2023","Intogen"
"RAC1","GoF","RAC1 GoF","04 April 2023","Intogen"
"RAD21","LoF","RAD21 LoF","04 April 2023","Intogen"
"RAF1","GoF","RAF1 GoF","04 April 2023","Intogen"
"RALGDS","GoF","RALGDS GoF","04 April 2023","Intogen"
"RANBP2","LoF","RANBP2 LoF","04 April 2023","Intogen"
"RAP1GDS1","GoF","RAP1GDS1 GoF","04 April 2023","Intogen"
"RARA","GoF","RARA GoF","04 April 2023","Intogen"
"RASA1","LoF","RASA1 LoF","04 April 2023","Intogen"
"RASA2","LoF","RASA2 LoF","04 April 2023","Intogen"
"RB1","LoF","RB1 LoF","04 April 2023","Intogen"
"RBFOX1","GoF","RBFOX1 GoF","04 April 2023","Intogen"
"RBFOX2","GoF","RBFOX2 GoF","04 April 2023","Intogen"
"RBM10","LoF","RBM10 LoF","04 April 2023","Intogen"
"RBM15","LoF","RBM15 LoF","04 April 2023","Intogen"
"RBM39","GoF","RBM39 GoF","04 April 2023","Intogen"
"RECQL4","LoF","RECQL4 LoF","04 April 2023","Intogen"
"RELA","GoF","RELA GoF","04 April 2023","Intogen"
"RET","GoF","RET GoF","04 April 2023","Intogen"
"RGL3","GoF","RGL3 GoF","04 April 2023","Intogen"
"RGS7","LoF","RGS7 LoF","04 April 2023","Intogen"
"RHOA","GoF","RHOA GoF","04 April 2023","Intogen"
"RNF213","GoF","RNF213 GoF","04 April 2023","Intogen"
"RNF43","LoF","RNF43 LoF","04 April 2023","Intogen"
"RNF6","LoF","RNF6 LoF","04 April 2023","Intogen"
"RPL10","LoF","RPL10 LoF","04 April 2023","Intogen"
"RPL22","GoF","RPL22 GoF","04 April 2023","Intogen"
"RPS6KA3","LoF","RPS6KA3 LoF","04 April 2023","Intogen"
"RRAGC","GoF","RRAGC GoF","04 April 2023","Intogen"
"RRAS2","GoF","RRAS2 GoF","04 April 2023","Intogen"
"RXRA","LoF","RXRA LoF","04 April 2023","Intogen"
"SALL4","GoF","SALL4 GoF","04 April 2023","Intogen"
"SATB1","GoF","SATB1 GoF","04 April 2023","Intogen"
"SDC4","LoF","SDC4 LoF","04 April 2023","Intogen"
"SEPT9","GoF","SEPT9 GoF","04 April 2023","Intogen"
"SET","GoF","SET GoF","04 April 2023","Intogen"
"SETBP1","GoF","SETBP1 GoF","04 April 2023","Intogen"
"SETD1B","LoF","SETD1B LoF","04 April 2023","Intogen"
"SETD2","LoF","SETD2 LoF","04 April 2023","Intogen"
"SETDB1","GoF","SETDB1 GoF","04 April 2023","Intogen"
"SF3B1","GoF","SF3B1 GoF","04 April 2023","Intogen"
"SFMBT2","GoF","SFMBT2 GoF","04 April 2023","Intogen"
"SIN3A","GoF","SIN3A GoF","04 April 2023","Intogen"
"SIRPA","LoF","SIRPA LoF","04 April 2023","Intogen"
"SIX1","LoF","SIX1 LoF","04 April 2023","Intogen"
"SLC45A3","LoF","SLC45A3 LoF","04 April 2023","Intogen"
"SMAD2","LoF","SMAD2 LoF","04 April 2023","Intogen"
"SMAD3","LoF","SMAD3 LoF","04 April 2023","Intogen"
"SMAD4","LoF","SMAD4 LoF","04 April 2023","Intogen"
"SMARCA1","LoF","SMARCA1 LoF","04 April 2023","Intogen"
"SMARCA4","LoF","SMARCA4 LoF","04 April 2023","Intogen"
"SMARCB1","LoF","SMARCB1 LoF","04 April 2023","Intogen"
"SMC1A","GoF","SMC1A GoF","04 April 2023","Intogen"
"SMO","GoF","SMO GoF","04 April 2023","Intogen"
"SOCS1","LoF","SOCS1 LoF","04 April 2023","Intogen"
"SOHLH2","GoF","SOHLH2 GoF","04 April 2023","Intogen"
"SOS1","GoF","SOS1 GoF","04 April 2023","Intogen"
"SOX17","GoF","SOX17 GoF","04 April 2023","Intogen"
"SOX21","LoF","SOX21 LoF","04 April 2023","Intogen"
"SOX9","LoF","SOX9 LoF","04 April 2023","Intogen"
"SPOP","GoF","SPOP GoF","04 April 2023","Intogen"
"SRGAP3","GoF","SRGAP3 GoF","04 April 2023","Intogen"
"SRSF2","GoF","SRSF2 GoF","04 April 2023","Intogen"
"STAG2","LoF","STAG2 LoF","04 April 2023","Intogen"
"STAT6","GoF","STAT6 GoF","04 April 2023","Intogen"
"STK11","LoF","STK11 LoF","04 April 2023","Intogen"
"SUSD2","GoF","SUSD2 GoF","04 April 2023","Intogen"
"SUZ12","GoF","SUZ12 GoF","04 April 2023","Intogen"
"TBL1XR1","LoF","TBL1XR1 LoF","04 April 2023","Intogen"
"TBX3","LoF","TBX3 LoF","04 April 2023","Intogen"
"TCF4","GoF","TCF4 GoF","04 April 2023","Intogen"
"TCF7L2","GoF","TCF7L2 GoF","04 April 2023","Intogen"
"TCIRG1","LoF","TCIRG1 LoF","04 April 2023","Intogen"
"TEC","LoF","TEC LoF","04 April 2023","Intogen"
"TET2","LoF","TET2 LoF","04 April 2023","Intogen"
"TFAP4","LoF","TFAP4 LoF","04 April 2023","Intogen"
"TFG","LoF","TFG LoF","04 April 2023","Intogen"
"TGFBR2","LoF","TGFBR2 LoF","04 April 2023","Intogen"
"TGIF1","LoF","TGIF1 LoF","04 April 2023","Intogen"
"TLL1","GoF","TLL1 GoF","04 April 2023","Intogen"
"TNFAIP3","LoF","TNFAIP3 LoF","04 April 2023","Intogen"
"TNFRSF14","LoF","TNFRSF14 LoF","04 April 2023","Intogen"
"TOP1","LoF","TOP1 LoF","04 April 2023","Intogen"
"TOP2A","GoF","TOP2A GoF","04 April 2023","Intogen"
"TP53","LoF","TP53 LoF","04 April 2023","Intogen"
"TRAF3","LoF","TRAF3 LoF","04 April 2023","Intogen"
"TRIM24","GoF","TRIM24 GoF","04 April 2023","Intogen"
"TRIM49C","GoF","TRIM49C GoF","04 April 2023","Intogen"
"TRIP11","GoF","TRIP11 GoF","04 April 2023","Intogen"
"TSC1","LoF","TSC1 LoF","04 April 2023","Intogen"
"TSC2","LoF","TSC2 LoF","04 April 2023","Intogen"
"U2AF1","GoF","U2AF1 GoF","04 April 2023","Intogen"
"U2AF2","GoF","U2AF2 GoF","04 April 2023","Intogen"
"UBE2A","LoF","UBE2A LoF","04 April 2023","Intogen"
"UBE2D2","GoF","UBE2D2 GoF","04 April 2023","Intogen"
"UGT2B17","GoF","UGT2B17 GoF","04 April 2023","Intogen"
"USP44","LoF","USP44 LoF","04 April 2023","Intogen"
"USP6","GoF","USP6 GoF","04 April 2023","Intogen"
"USP9X","LoF","USP9X LoF","04 April 2023","Intogen"
"VAV1","GoF","VAV1 GoF","04 April 2023","Intogen"
"VHL","LoF","VHL LoF","04 April 2023","Intogen"
"WAS","LoF","WAS LoF","04 April 2023","Intogen"
"WDR45","LoF","WDR45 LoF","04 April 2023","Intogen"
"WRN","LoF","WRN LoF","04 April 2023","Intogen"
"WT1","LoF","WT1 LoF","04 April 2023","Intogen"
"XPC","LoF","XPC LoF","04 April 2023","Intogen"
"XPO1","GoF","XPO1 GoF","04 April 2023","Intogen"
"ZBTB20","GoF","ZBTB20 GoF","04 April 2023","Intogen"
"ZBTB7B","GoF","ZBTB7B GoF","04 April 2023","Intogen"
"ZCRB1","LoF","ZCRB1 LoF","04 April 2023","Intogen"
"ZEB1","LoF","ZEB1 LoF","04 April 2023","Intogen"
"ZFHX3","LoF","ZFHX3 LoF","04 April 2023","Intogen"
"ZFP36L1","LoF","ZFP36L1 LoF","04 April 2023","Intogen"
"ZFX","LoF","ZFX LoF","04 April 2023","Intogen"
"ZNF148","GoF","ZNF148 GoF","04 April 2023","Intogen"
"ZNF165","LoF","ZNF165 LoF","04 April 2023","Intogen"
"ZNF429","LoF","ZNF429 LoF","04 April 2023","Intogen"
"ZNF521","GoF","ZNF521 GoF","04 April 2023","Intogen"
"ZNF780A","GoF","ZNF780A GoF","04 April 2023","Intogen"
"ZNF814","GoF","ZNF814 GoF","04 April 2023","Intogen"
"ZNF93","LoF","ZNF93 LoF","04 April 2023","Intogen"
"ZNRF3","LoF","ZNRF3 LoF","04 April 2023","Intogen"
"ZRSR2","LoF","ZRSR2 LoF","04 April 2023","Intogen"
"ZXDB","LoF","ZXDB LoF","04 April 2023","Intogen"
